15;kenza kellou-menouer;@prism.uvsq.fr
15;zoubida kedad;@prism.uvsq.fr
17;josiane mothe;@irit.fr
17;marion moulinou;@irit.fr
18;julien velcin;@univ-lyon2.fr
19;sabine loudcher;@univ-lyon2.fr
20;david pierrot;@univ-lyon2.fr
20;nouria harbi;@univ-lyon2.fr
21;mohamed chebel;@gmail.com
21;chiraz latiri;@gnet.tn
22;clément charnay;@unistra.fr
22;nicolas lachiche;@unistra.fr
22;agnès braud;@unistra.fr
24;david taniar;@monash.edu
25;thomas baudel;@fr.ibm.com
26;fatima-zahra aazi;@gmail.com
26;rafik abdesselam;@univ-lyon2.fr
27;violaine antoine;@univ-bpclermont.fr
27;nicolas labroche;@univ-tours.fr.
28;david werner;@u-bourgogne.fr
28;christophe cruz;@u-bourgogne.fr
28;aurélie bertaux;@iut-dijon.u-bourgogne.fr
29;mohammed ghesmoune;@lipn.univ-paris13.fr
29;mustapha lebbah;@lipn.univ-paris13.fr
29;hanane azzag;@lipn.univ-paris13.fr
30;thomas raimbault;@devinci.fr
30;david genest;@info.univ-angers.fr
31;patricia conde-céspedes;@univ-paris13.fr
31;jean-françois marcotorchino;@univ-paris13.fr
31;jean-françois marcotorchino;@thalesgroup.com
31;emmanuel viennet;@univ-paris13.fr
32;blaise hanczar;@parisdescartes.fr
33;hadjer belaicha;@gmail.com
34;david pierrot;@univ-lyon2.fr
34;nouria harbi;@univ-lyon2.fr
35;william correa beltran;@irisa.fr
35;hélène jaudoin;@irisa.fr
35;olivier pivert;@irisa.fr
38;natalia grabar;@univ-lille3.fr
39;fethi belghaouti;@telecom-sudparis.eu
39;fethi belghaouti;@isep.fr
39;amel bouzeghoub;@telecom-sudparis.eu
39;amel bouzeghoub;@isep.fr
39;zakia kazi-aoul;@telecom-sudparis.eu
39;zakia kazi-aoul;@isep.fr
39;raja chiky;@telecom-sudparis.eu
39;raja chiky;@isep.fr
40;kheira mechach;@gmail.com
40;mustapha kamel abdi;@univ-oran.dz
41;nazha selmaoui-folcher;@univ-nc.nc
41;frédéric flouvat;@univ-nc.nc
41;chengcheng mu;@univ-nc.nc
41;jérémy sanhes;@univ-nc.nc
41;jean-françois boulicaut;@univ-nc.nc
41;jean-françois boulicaut;@insa-lyon.fr
42;raja chiky;@isep.fr
42;elisabeth métais;@cnam.fr
44;olivier parisot;@lippmann.lu
45;fadhela kerdjoudj;@univ-mlv.fr
45;olivier curé;@univ-mlv.fr
46;julio cesar dos reis;@tudor.lu
46;cédric pruski;@tudor.lu
47;anne boyer;@loria.fr
48;christine largeron;@univ-st-etienne.fr
48;mihaela juganaru-mathieu;@emse.fr
49;stavrakas yannis;@imis.athena-innovation.gr
51;meryem talha;@gmail.com
51;siham boulaknadel;@ircam.ma
53;oualid benyahia;@univ-st-etienne.fr
53;christine largeron;@univ-st-etienne.fr
55;yuichiro kase;@stu.hosei.ac.jp
55;takao miura;@hosei.ac.jp
56;mustapha lebbah;@lipn.univ-paris13.fr
58;aghiles salah;@parisdescartes.fr
58;nicoleta rogovschi;@parisdescartes.fr
58;françois role;@parisdescartes.fr
58;mohamed nadif;@parisdescartes.fr
60;bruno crémilleux;@unicaen.fr
60;bruno crémilleux;@univ-tours.fr
60;arnaud giacometti;@univ-tours.fr
60;arnaud soulet;@univ-tours.fr
62;ted gueniche;@gmail.com
62;philippe fournier-viger;@umoncton.ca
63;ilef ben slima;@fst.rnu.tn
63;amel borgi;@insat.rnu.tn
65;sayda elmi;@gmail.com
65;karim benouaret;@liris.cnrs.fr
65;allel hadjali;@ensma.fr
65;boutheina ben yaghlane;@ihec.rnu.tn
66;alain berger;@ardans.fr
67;dino ienco;@teledetection.fr
68;rosanne vetro;@cs.umb.edu
69;charles bouveyron;@parisdescartes.fr
69;julien jacques;@univ-lyon2.fr
70;jérémie sublime;@agroparistech.fr
70;younès bennani;@lipn.univ-paris13.fr
70;antoine cornuéjols;@agroparistech.fr
71;marc legeay;@univ-angers.fr
71;david genest;@univ-angers.fr
71;stéphane loiseau;@univ-angers.fr
72;issam falih;@lipn.univ-paris13.fr
72;manel hmimida;@lipn.univ-paris13.fr
72;rushed kanawati;@lipn.univ-paris13.fr
73;jason vallet;@labri.fr
73;bruno pinaud;@labri.fr
73;guy melançon;@labri.fr
74;michel hassenforder;@uha.fr
75;tony bourdier;@iraiser.eu
76;oussama mokeddem;@gmail.com
76;omar boussaid;@univ-lyon2.fr
76;zaia alimazighi;@usthb.dz
77;rami belkaroui;@gmail.com
77;rim faiz;@ihec.rnu.tn
78;marc le pouliquen;@univ-brest.fr
79;guillaume bosc;@insa-lyon.fr
80;shohei yokoyama;@inf.shizuoka.ac.jp
80;hiroshi ishikawa;@sd.tmu.ac.jp
81;zakaria boulouard;@gmail.com
81;amine el haddadi;@gmail.com
81;anass el haddadi;@gmail.com
81;lahcen koutti;@yahoo.fr
81;abdelhadi fennan;@gmail.com
122;simon malinowski;@agrocampus-ouest.fr
122;thomas guyet;@agrocampus-ouest.fr
122;rene quiniou;@inria.fr
122;romain tavenard;@idiap.ch
123;vincent claveau;@irisa.fr
124;patrice buche;@supagro.inra.fr
124;liliana ibanescu;@agroparistech.fr
125;benjamin duthil;@univ-lr.fr
125;mickaël coustaty;@univ-lr.fr
125;vincent courboulay;@univ-lr.fr
125;jean-marc ogier;@univ-lr.fr
129;marie arcadias;@orange.com
129;marie arcadias;@univ-orleans.fr
129;guillaume cleuziou;@orange.com
129;guillaume cleuziou;@univ-orleans.fr
129;edmond lassalle;@orange.com
129;edmond lassalle;@univ-orleans.fr
129;christel vrain;@orange.com
129;christel vrain;@univ-orleans.fr
130;mariem mahfoudh;@uha.fr
130;germain forestier;@uha.fr
130;laurent thiry;@uha.fr
130;michel hassenforder;@uha.fr
131;pierre-nicolas mougel;@univ-nc.nc
132;alexandra degeest;@uclouvain.be
132;alexandra degeest;@isib.be
133;jim hendler;@cs.rpi.edu
135;yves lechevallier;@inria.fr
137;vincent claveau;@irisa.fr
137;patrick gros;@inria.fr
138;romain guigourès;@orange.com
138;romain guigourès;@zalando.de
138;dominique gay;@orange.com
138;dominique gay;@zalando.de
138;marc boullé;@orange.com
138;marc boullé;@zalando.de
138;fabrice clérot;@orange.com
138;fabrice clérot;@zalando.de
139;martine collard;@univ-ag.fr
140;martine collard;@univ-ag.fr
141;nicolas labroche;@lip6.fr
141;marcin detyniecki;@lip6.fr
141;thomas baerecke;@lip6.fr
143;damien leprovost;@inria.fr
143;thierry despeyroux;@inria.fr
143;yves lechevallier;@inria.fr
144;khaled dehdou;@univ-lyon2.fr
144;fadila bentayeb;@univ-lyon2.fr
144;nadia kabachi;@univ-lyon2.fr
144;omar boussaid;@univ-lyon2.fr
145;arnaud soulet;@univ-tours.fr
146;boris baldassari;@squoring.com
146;philippe preux;@inria.fr
147;flavien bouillot;@lirmm.fr
147;pascal poncelet;@lirmm.fr
147;mathieu roche;@lirmm.fr
148;thomas lebarbé;@me.com
149;dino ienco;@irstea.fr
149;albert bifet;@yahoo-inc.com
149;pascal poncelet;@lirmm.fr
150;alban meffre;@unistra.fr
150;nicolas lachiche;@unistra.fr
150;pierre gançarski;@unistra.fr
150;christophe collet;@unistra.fr
152;khaoula mahmoudi;@yahoo.fr
152;sami faiz;@insat.rnu.tn
154;david werner;@u-bourgogne.fr
154;christophe cruz;@u-bourgogne.fr
154;aurélie bertaux;@u-bourgogne.fr
155;dominic forest;@umontreal.ca
156;nicole vincent;@mi.parisdescartes.fr
157;claude pasquier;@unice.fr
157;jérémy sanhes;@univ-nc.nc
158;anne boyer;@loria.fr
159;arnaud soulet;@univ-tours.fr
159;françois rioult;@unicaen.fr
160;régis clouard;@ensicaen.fr
160;françois rioult;@unicaen.fr
161;guillaume bosc;@insa-lyon.fr
161;mehdi kaytoue-uberall;@insa-lyon.fr
161;chedy raïssi;@insa-lyon.fr
161;chedy raïssi;@inria.fr
161;jean-françois boulicaut;@insa-lyon.fr
162;guillaume cleuziou;@univ-orleans.fr
162;nadia essoussi;@isg.rnu.tn
163;ghada landoulsi;@yahoo.fr
163;khaoula mahmoudi;@laposte.net
163;sami faiz;@insat.rnu.tn
165;hela masmoudi;@gmail.com
165;nadia essoussi;@isg.rnu.tn
167;cécile bothorel;@telecom-bretagne.eu
167;pascal cheung mon chan;@orange.com
168;mathieu castets;@teledetection.fr
168;pascal degenne;@teledetection.fr
168;danny lo seen;@teledetection.fr
168;pascal poncelet;@lirmm.fr
169;abdelfettah feliachi;@ign.fr
169;nathalie abadie;@ign.fr
169;fayçal hamdi;@cnam.fr
170;sébastien heymann;@lip6.fr
170;bénédicte le grand;@univ-paris1.fr
171;pierre chauveau thoumelin;@gmail.com
171;natalia grabar;@univ-lille3.fr
172;didier dubois;@irit.fr
173;christine largeron;@univ-st-etienne.fr
173;sadok ben yahia;@fst.rnu.tn
175;martine cadot;@loria.fr
175;yves laprie;@loria.fr
176;tova milo;@cs.tau.ac.il
177;florence sedes;@irit.fr
178;julien blanchard;@univ-nantes.fr
179;guillaume cleuziou;@univ-orleans.fr
180;amine chaibi;@lipn.univ-paris13.fr
180;hanane azzag;@lipn.univ-paris13.fr
180;mustapha lebbah;@lipn.univ-paris13.fr
181;william correa beltran;@irisa.fr
181;hélène jaudoin;@irisa.fr
181;olivier pivert;@irisa.fr
183;nacéra bennacer;@supelec.fr
183;coriane nana jipmo;@supelec.fr
183;antonio penta;@di.unito.it
183;gianluca quercini;@supelec.fr
184;yoan chabot;@ucdconnect.ie
185;belhaj rhouma sourour;@gmail.com
185;asma ben achour;@gmail.com
185;malek hajjem;@gmail.com
185;chiraz latiri;@gnet.tn
186;saaid baraty;@cs.umb.edu
187;hélène jaudoin;@enssat.fr
187;olivier pivert;@enssat.fr
187;daniel rocacher;@enssat.fr
188;baghdad atmani;@gmail.com
188;bouziane beldjilali;@yahoo.fr
189;pascale kuntz;@univ-nantes.fr
189;franck meyer;@orange.com
191;inès saad;@france-bs.com
192;mehdi khiari;@zto-technology.com
192;karim tabia;@cril.univ-artois.fr
195;frédéric dumonceaux;@univ-nantes.fr
195;guillaume raschia;@univ-nantes.fr
195;marc gelgon;@univ-nantes.fr
196;mory ouattara;@cstb.frcorinne.mandin@cstb.fr
196;ndeye niang;@cnam.fr
196;fouad badran;@cnam.fr
198;fayrouz soualah alila;@crossknowledge.com
198;florence mendes;@checksem.fr
199;philippe pinheiro;@lippmann.lu
200;seifeddine mechti;@gmail.com
200;maher jaoua;@fsegs.rnu.tn
200;lamia hadrich belguith;@fsegs.rnu.tn
201;günce keziban orman;@gsu.edu.tr
201;vincent labatut;@gsu.edu.tr
201;marc plantevit;@liris.cnrs.fr
201;jean-françois boulicaut;@insa-lyon.fr
203;jean-charles lamirel;@loria.fr
203;pascal cuxac;@inist.fr
204;camille kurtz;@parisdescartes.fr
204;daniel rubin;@stanford.edu
205;célia da costa pereira;@unice.fr
205;célia da costa pereira;@lirmm.fr
205;mathieu lafourcade;@lirmm.fr
205;patrick lloret;@lirmm.fr
205;patrick lloret;@succeed-together.eu
205;cédric lopez;@lirmm.fr
205;cédric lopez;@objetdirect.com
205;mathieu roche;@lirmm.fr
205;mathieu roche;@cirad.fr
206;olivier parisot;@lippmann.lu
207;elod egyed-zsigmond;@insa-lyon.fr
207;mathias géry;@univ-st-etienne.fr
208;nizar messai;@univ-tours.fr
208;thomas devogele;@univ-tours.fr
248;arnaud giacometti;@univ-tours.fr
248;dominique haoyuan li;@univ-tours.fr
248;arnaud soulet;@univ-tours.fr
249;nicolas greffard;@univ-nantes.fr
249;fabien picarougne;@univ-nantes.fr
249;pascale kuntz;@univ-nantes.fr
250;dumitru-clementin cercel;@gmail.com
251;fatiha barigou;@gmail.com
251;baghdad atmani;@gamil.com
251;naouel barigou;@gmail.com
252;nizar messai;@univ-tours.fr
252;cassio melo;@ecp.fr
252;mohamed hamdaoui;@ecp.fr
252;dung bui;@ecp.fr
252;marie-aude aufaure;@ecp.fr
253;rokia missaoui;@uqo.ca
254;vincent forissier;@univ-lyon2.fr
254;cyril broilliard;@cnedi69.cnafmail.fr
254;philippe simonnot;@cafrhone.cnafmail.fr
255;xavier dolques;@engees.unistra.fr
255;xavier dolques;@lirmm.fr
255;florence le ber;@engees.unistra.fr
255;florence le ber;@lirmm.fr
255;marianne huchard;@engees.unistra.fr
255;marianne huchard;@lirmm.fr
255;clémentine nebut;@engees.unistra.fr
255;clémentine nebut;@lirmm.fr
256;aymen sellaouti;@gmail.com
256;atef hamouda;@yahoo.fr
256;aline deruyver;@lsiit.u-strasbg.fr
256;cédric wemmert;@unistra.fr
257;lina fahed;@gmail.com
257;gabriel frey;@unistra.fr
257;nicolas lachiche;@unistra.fr
258;mohamed k. el mahrsi;@telecom-paristech.fr
258;mohamed k. el mahrsi;@univ-paris1.fr
258;romain guigourès;@univ-paris1.fr
258;romain guigourès;@orange.com
258;fabrice rossi;@univ-paris1.fr
258;marc boullé;@orange.com
259;stéphane lamassé;@univ-paris1.fr
259;julien alerini;@wanadoo.fr
260;dominique gay;@orange.com
260;marc boullé;@orange.com
261;willy ugarte;@unicaen.fr
261;patrice boizumault;@unicaen.fr
261;samir loudni;@unicaen.fr
261;bruno crémilleux;@unicaen.fr
261;alban lepailleur;@unicaen.fr
262;bin-hui chou;@i.kyushu-u.ac.jp
262;einoshin suzuki;@inf.kyushu-u.ac.jp
263;christine largeron;@univ-st-etienne.fr
263;sadok ben yahia;@fst.rnu.tn
264;gaël bardury;@gmail.com
265;davide buscaldi;@lipn.univ-paris13.fr
265;catherine comparot;@irit.fr
265;mouna kamel;@irit.fr
266;marc boullé;@orange.com
266;fabrice rossi;@univ-paris1.fr
267;abdullah almaksour;@irisa.fr
268;rim touhami;@agroparistech.fr
268;patrice buche;@supagro.inra.fr
268;liliana ibanescu;@agroparistech.fr
269;claude pasquier;@unice.fr
270;claude pasquier;@unice.fr
271;maxime maillot;@cea.fr
271;michaël aupetit;@cea.fr
271;gérard govaert;@utc.fr
272;hatem haddad;@gmail.com
273;pierre-antoine papon;@isima.fr
274;christophe salperwyck;@orange.com
274;marc boullé;@orange.com
274;vincent lemaire;@orange.com
275;estelle delpech;@ebuzzing.com
275;laurent candillier;@ebuzzing.com
275;léa laporte;@ebuzzing.com
275;samuel phan;@ebuzzing.com
276;thomas bourquard;@tours.inra.fr
276;damien m. de vienne;@crg.es
276;jérôme azé;@lri.fr
279;christine largeron;@univ-st-etienne.fr
280;afef zenned;@gmail.com
280;nadia essoussi;@isg.rnu.tn
281;amine chaibi;@lipn.univ-paris13.fr
281;mustapha lebbah;@lipn.univ-paris13.fr
281;hanane azzag;@lipn.univ-paris13.fr
282;sami zghal;@fsjegj.rnu.tn
282;sadok ben yahia;@fst.rnu.tn
283;alexandre blansché;@univ-lorraine.fr
283;lydia boudjeloud;@univ-lorraine.fr
284;cheikh niang;@univ-tours.fr
284;béatrice bouchou;@univ-tours.fr
284;moussa lo;@univ-tours.fr
284;moussa lo;@ugb.edu.sn
284;yacine sam;@univ-tours.fr
286;olivier champalle;@liris.fr
286;karim sehaba;@liris.fr
287;nhat-quang doan;@lipn.univ-paris13.fr
287;hanane azzag;@lipn.univ-paris13.fr
287;mustapha lebbah;@lipn.univ-paris13.fr
288;sylvain dormieu;@gmail.com
288;nicolas labroche;@lip6.fr
289;modou gueye;@telecom-paristech.fr
289;talel abdesssalem;@telecom-paristech.fr
289;hubert naacke;@telecom-paristech.fr
289;hubert naacke;@lip6.fr
290;sabiha tahrat;@lirmm.fr
290;sabiha tahrat;@teledetection.fr
290;sabiha tahrat;@univ-pau.fr
290;eric kergosien;@lirmm.fr
290;eric kergosien;@teledetection.fr
290;eric kergosien;@univ-pau.fr
290;sandra bringay;@lirmm.fr
290;sandra bringay;@teledetection.fr
290;sandra bringay;@univ-pau.fr
290;mathieu roche;@lirmm.fr
290;mathieu roche;@teledetection.fr
290;mathieu roche;@univ-pau.fr
290;maguelonne teisseire;@lirmm.fr
290;maguelonne teisseire;@teledetection.fr
290;maguelonne teisseire;@univ-pau.fr
291;elod egyed-zsigmond;@insa-lyon.fr
291;mathias géry;@univ-st-etienne.fr
293;dhafer lahbib;@orange-ftgroup.com
293;marc boullé;@orange-ftgroup.com
293;dominique laurent;@u-cergy.fr
294;ghada besbes;@gmail.com
294;hajer baazaoui-zghal;@riadi.rnu.tn
295;christel vrain;@univ-orleans.fr
296;sabine loudcher;@univ-lyon2.fr
297;françois jacquenet;@univ-st-etienne.fr
297;adrien martins;@univ-st-etienne.fr
298;aymeric le dorze;@info.univ-angers.fr
298;laurent garcia;@info.univ-angers.fr
298;david genest;@info.univ-angers.fr
298;stéphane loiseau;@info.univ-angers.fr
299;mohamed ali zoghlami;@gmail.com
300;nesrine ben yahia;@ensi.rnu.tn
300;henda hajjami ben ghezala;@ensi.rnu.tn
301;marc boullé;@orange.com
302;elias egho;@loria.fr
302;elias egho;@ulb.ac.be
302;chedy raïssi;@loria.fr
302;chedy raïssi;@ulb.ac.be
302;toon calders;@loria.fr
302;toon calders;@ulb.ac.be
302;thomas bourquard;@loria.fr
302;thomas bourquard;@ulb.ac.be
302;nicolas jay;@loria.fr
302;nicolas jay;@ulb.ac.be
302;amedeo napoli;@loria.fr
302;amedeo napoli;@ulb.ac.be
303;fatma bouali;@univ-lille2.fr
303;gilles venturini;@univ-tours.fr
324;fatma hamdi;@lipn.univ-paris13.fr
324;younès bennani;@lipn.univ-paris13.fr
326;maha amami;@isg.rnu.tn
326;rim faiz;@ihec.rnu.tn
328;géraldine polaillon;@supelec.fr
328;paula brito;@fep.up.pt
329;laurent vezard;@inria.fr
329;pierrick legrand;@inria.fr
329;marie chavent;@inria.fr
329;frédérique faïta-aïnseba;@inria.fr
329;julien clauzel;@inria.fr
330;lazhar labiod;@parisdescartes.fr
330;lazhar labiod;@lipn.univ-paris13.fr
330;younès bennani;@parisdescartes.fr
330;younès bennani;@lipn.univ-paris13.fr
331;rakia jaziri;@lipn.univ-paris13.fr
331;rakia jaziri;@ina.fr
331;mustapha lebbah;@lipn.univ-paris13.fr
331;younès bennani;@lipn.univ-paris13.fr
332;nicoleta rogovschi;@parisdescartes.fr
332;mohamed nadif;@parisdescartes.fr
334;marc boullé;@orange.com
334;marc boullé;@univ-paris1.fr
334;romain guigourès;@orange.com
334;romain guigourès;@univ-paris1.fr
334;fabrice rossi;@orange.com
334;fabrice rossi;@univ-paris1.fr
336;hassan chouaib;@mi.parisdescartes.fr
336;florence cloppet;@mi.parisdescartes.fr
336;salvatore-antoine tabbone;@mi.parisdescartes.fr
336;salvatore-antoine tabbone;@loria.fr
336;nicole vincent;@mi.parisdescartes.fr
337;mounir dhibi;@ensta-bretagne.fr
337;arnaud martin;@univ-rennes1.fr
339;bilal idiri;@mines-paristech.fr
339;aldo napoli;@mines-paristech.fr
340;amine chaibi;@lipn.univ-paris13.fr
340;mustapha lebbah;@lipn.univ-paris13.fr
340;hanane azzag;@lipn.univ-paris13.fr
341;antoine cornuéjols;@agroparistech.fr
343;saaid baraty;@cs.umb.edu
344;max chevalier;@irit.fr
345;davide buscaldi;@univ-orleans.fr
345;guillaume cleuziou;@univ-orleans.fr
345;gaël dias;@unicaen.fr
345;vincent levorato;@univ-orleans.fr
345;vincent levorato;@cesi.fr
347;noel novelli;@lif.univ-mrs.fr
347;ekaterina simonenko;@lri.fr
348;martine collard;@univ-ag.fr
349;asma ben zakour;@2moro.fr
349;sofian maabout;@labri.fr
349;mohamed mosbah;@labri.fr
349;marc sistiaga;@2moro.fr
350;chantal reynaud;@lri.fr
351;benjamin duthil;@mines-ales.fr
351;françois trousset;@mines-ales.fr
351;gérard dray;@mines-ales.fr
351;pascal poncelet;@mines-ales.fr
351;pascal poncelet;@lirmm.fr
351;jacky montmain;@mines-ales.fr
352;alain simac-lejeune;@litii.com
354;shigeru takano;@inf.kyushu-u.ac.jp
354;einoshin suzuki;@inf.kyushu-u.ac.jp
358;pierre-antoine papon;@isima.fr
359;wei wang;@cs.unc.edu
360;willy allègre;@univ-ubs.fr
361;michel tenenhaus;@hec.fr
362;dhafer lahbib;@orange-ftgroup.com
362;marc boullé;@orange-ftgroup.com
362;dominique laurent;@u-cergy.fr
363;catherine dominguès;@ign.fr
363;olivier corby;@sophia.inria.fr
364;najeh naffakhi;@irit.fr
364;najeh naffakhi;@isg.rnu.tn
364;rim faiz;@ihec.rnu.tn
365;donato malerba;@di.uniba.it
366;fatma bouali;@univ-lille2.fr
366;christiane guinot;@ceries-lab.com
366;gilles venturini;@univ-tours.fr
369;marc boullé;@orange.com
370;daniel keim;@uni-konstanz.de
371;karima dhouib;@isets.rnu.tn
371;sylvie desprès;@univ-paris13.fr
371;faïez gargouri;@fsegs.rnu.tn
372;michel buffa;@i3s.unice.fr
372;guillaume husson;@i3s.unice.fr
372;nicolas delaforge;@inria.fr
373;christine largeron;@univ-st-etienne.fr
373;sadok ben yahia;@fst.rnu.tn
374;guy melançon;@labri.fr
375;lazhar labiod;@parisdescartes.fr
376;yves lechevallier;@inria.fr
376;thierry despeyroux;@inria.fr
377;abdelheq et-tahir guettala;@univ-tours.fr
377;fatma bouali;@univ-lille2.fr
377;christiane guinot;@ceries-lab.com
377;gilles venturini;@univ-tours.fr
378;françois poulet;@irisa.fr
379;adrien guille;@univ-lyon2.fr
379;hakim hacid;@univ-lyon2.fr
379;hakim hacid;@alcatel-lucent.com
379;cécile favre;@univ-lyon2.fr
380;camille kurtz;@unistra.fr
382;anne boyer;@loria.fr
383;francois queyroi;@labri.fr
384;eric desjardin;@univ-reims.fr
384;herman akdag;@ai.univ-paris8.fr
385;hugo alatrista salas;@teledetection.fr
385;hugo alatrista salas;@lirmm.fr
385;hugo alatrista salas;@univ-nc.nc
385;sandra bringay;@teledetection.fr
385;sandra bringay;@lirmm.fr
385;sandra bringay;@univ-nc.nc
385;frédéric flouvat;@teledetection.fr
385;frédéric flouvat;@lirmm.fr
385;frédéric flouvat;@univ-nc.nc
385;nazha selmaoui-folcher;@teledetection.fr
385;nazha selmaoui-folcher;@lirmm.fr
385;nazha selmaoui-folcher;@univ-nc.nc
385;maguelonne teisseire;@teledetection.fr
385;maguelonne teisseire;@lirmm.fr
385;maguelonne teisseire;@univ-nc.nc
386;dino ienco;@teledetection.fr
386;yoann pitarch;@cs.aau.dk
386;pascal poncelet;@lirmm.fr
386;maguelonne teisseire;@teledetection.fr
387;nicolas delaforge;@inria.fr
387;fabien gandon;@inria.fr
450;julien giudici;@ensam.eu
450;hervé janiaut;@areva.com
450;rémy gautier;@ensam.eu
453;antoine paglia;@gmail.com
453;philippe lenca;@telecom-bretagne.eu
454;yousra chabchoub;@isep.fr
454;benoît grossin;@edf.fr
455;amyn bennamane;@alcatel-lucent.com
455;hakim hacid;@alcatel-lucent.com
455;arnaud ansiaux;@alcatel-lucent.com
455;alain cagnati;@alcatel-lucent.com
455;alain cagnati;@interieur.gouv.fr
457;giuseppe berio;@univ-ubs.fr
457;pascale kuntz;@polytech.univ-nantes.fr
459;nguyen-khang pham;@irisa.fr
459;nguyen-khang pham;@inria.fr
459;annie morin;@irisa.fr
459;annie morin;@inria.fr
459;françois poulet;@irisa.fr
459;françois poulet;@inria.fr
459;patrick gros;@irisa.fr
459;patrick gros;@inria.fr
460;yassine benabbas;@lifl.fr
460;tarek yahiaoui;@lifl.fr
460;thierry urruty;@lifl.fr
460;chabane djeraba;@lifl.fr
461;arnaud soulet;@univ-tours.fr
461;damien nouvel;@univ-tours.fr
463;frank meyer;@orange-ftgroup.com
463;éric gaussier;@imag.fr
463;fabrice clérot;@orange-ftgroup.com
463;julien schluth;@gmail.com
464;guénaël cabanes;@lipn.univ-paris13.fr
465;quang-thang dinh;@univ-orleans.fr
465;matthieu exbrayat;@univ-orleans.fr
465;christel vrain;@univ-orleans.fr
466;david genest;@info.univ-angers.fr
466;aymeric le dorze;@info.univ-angers.fr
466;stéphane loiseau;@info.univ-angers.fr
467;dhouha grissa;@isima.fr
468;fabien rico;@univ-lyon1.fr
468;djamel abdelkader zighed;@univ-lyon2.fr
469;ali khenchaf;@ensieta.fr
470;cristina tîrnauca;@unican.es
471;israël-césar lerman;@irisa.fr
472;jacques blanc-talon;@dga.defense.gouv.fr
477;françois petitjean;@unistra.fr
477;florent masseglia;@inria.fr
477;pierre gançarski;@unistra.fr
479;marc boullé;@orange-ftgroup.com
479;alexis bondu;@edf.fr
480;patrice buche;@supagro.inra.fr
480;fatiha saïs;@lri.fr
481;dieudonné tchuente;@irit.fr
481;marie-françoise canut;@iut-blagnac.fr
482;jian pei;@cs.sfu.ca
483;henri luchian;@infoiasi.ro
484;arnaud giacometti;@univ-tours.fr
484;arnaud soulet;@univ-tours.fr
484;patrick marcel;@univ-tours.fr
485;djamel abdelkader zighed;@univ-lyon2.fr
485;rafik abdesselam;@univ-lyon2.fr
485;ahmed bounekkar;@univ-lyon1.fr
486;marc boullé;@orange-ftgroup.com
489;julien rabatel;@lirmm.fr
489;sandra bringay;@lirmm.fr
490;rene quiniou;@irisa.fr
490;thomas guyet;@agrocampus-ouest.fr
491;yves lechevallier;@inria.fr
492;pierre-nicolas mougel;@liris.cnrs.fr
492;marc plantevit;@liris.cnrs.fr
492;christophe rigotti;@liris.cnrs.fr
492;olivier gandrillon;@liris.cnrs.fr
492;olivier gandrillon;@cgmc.univ-lyon1.fr
492;jean-françois boulicaut;@liris.cnrs.fr
494;david auber;@labri.fr
494;frédéric gilbert;@labri.fr
495;sébastien lallé;@imag.fr
495;vanda luengo;@imag.fr
497;lazhar labiod;@lipn.univ-paris13.fr
497;younès bennani;@lipn.univ-paris13.fr
500;thomas meilender;@a2zi.fr
500;thomas meilender;@loria.fr
500;nicolas jay;@a2zi.fr
500;nicolas jay;@loria.fr
500;jean lieber;@a2zi.fr
500;jean lieber;@loria.fr
500;fabien palomares;@a2zi.fr
500;fabien palomares;@loria.fr
502;mouna chebbah;@gnet.tn
502;arnaud martin;@univ-rennes1.fr
502;boutheina ben yaghlane;@ihec.rnu.tn
503;philippe lamarre;@univ-nantes.fr
504;augusta mela;@univ-montp3.fr
504;mathieu roche;@lirmm.fr
504;mohamed el amine bekhtaoui;@gmail.com
505;fosca giannotti;@isti.cnr.it
507;loïc mabit;@univ-nc.nc
508;marie-jeanne lesot;@lip6.fr
508;thomas delavallade;@fr.thalesgroup.com
509;patrice buche;@supagro.inra.fr
509;liliana ibanescu;@agroparistech.fr
511;johannes heinecke;@orange-ftgroup.com
512;marc plantevit;@liris.cnrs.fr
512;chedy raïssi;@loria.fr
512;bruno crémilleux;@info.unicaen.fr
513;chabane djeraba;@lifl.fr
515;brahim douar;@lirmm.fr
515;michel liquiere;@lirmm.fr
515;cherif chiraz latiri;@gnet.tn
515;yahya slimani;@fst.rnu.tn
516;moussa benaissa;@yahoo.fr
516;yahia lebbah;@yahoo.fr
517;marc boullé;@orange-ftgroup.com
520;nicoleta rogovschi;@parisdescartes.fr
520;nicoleta rogovschi;@lipn.univ-paris13.fr
520;mustapha lebbah;@parisdescartes.fr
520;mustapha lebbah;@lipn.univ-paris13.fr
520;nistor grozavu;@parisdescartes.fr
520;nistor grozavu;@lipn.univ-paris13.fr
524;agnès braud;@unistra.fr
524;nicolas lachiche;@unistra.fr
525;joão gama;@fep.up.pt
526;yassine benabbas;@lifl.fr
526;adel lablack;@lifl.fr
526;thierry urruty;@lifl.fr
526;chabane djeraba;@lifl.fr
527;julien aligon;@univ-tours.fr
527;elsa negre;@univ-tours.fr
527;patrick marcel;@univ-tours.fr
528;dhafer lahbib;@orange-ftgroup.com
528;marc boullé;@orange-ftgroup.com
528;dominique laurent;@u-cergy.fr
531;najeh hajlaoui;@imag.fr
532;julie séguéla;@multiposting.fr
535;marc boullé;@orange-ftgroup.com
535;dominique gay;@orange-ftgroup.com
536;fabien gandon;@inria.fr
536;michel buffa;@unice.fr
539;baghdad atmani;@gmail.com
539;mohamed benamina;@gmail.com
539;bouziane beldjilali;@yahoo.fr
542;julien blanchard;@univ-nantes.fr
542;thomas piton;@univ-nantes.fr
542;thomas piton;@vm-materiaux.fr
542;henri briand;@univ-nantes.fr
542;fabrice guillet;@univ-nantes.fr
543;benjamin duthil;@mines-ales.fr
543;benjamin duthil;@lirmm.fr
543;françois trousset;@mines-ales.fr
543;françois trousset;@lirmm.fr
543;mathieu roche;@mines-ales.fr
543;mathieu roche;@lirmm.fr
543;michel plantié;@mines-ales.fr
543;michel plantié;@lirmm.fr
543;gérard dray;@mines-ales.fr
543;gérard dray;@lirmm.fr
543;jacky montmain;@mines-ales.fr
543;jacky montmain;@lirmm.fr
544;mustapha lebbah;@lipn.univ-paris13.fr
544;hanane azzag;@lipn.univ-paris13.fr
547;chantal reynaud;@lri.fr
549;guénaël cabanes;@lipn.univ-paris13.fr
623;victor gabillon;@inria.fr
623;jérémie mary;@inria.fr
623;philippe preux;@inria.fr
625;julien rabatel;@lirmm.fr
625;sandra bringay;@lirmm.fr
625;pascal poncelet;@lirmm.fr
626;mehdi khiari;@info.unicaen.fr
626;patrice boizumault;@info.unicaen.fr
626;bruno crémilleux;@info.unicaen.fr
627;boutheina smine;@yahoo.fr
627;rim faiz;@ihec.rnu.tn
627;jean-pierre desclés;@paris4.sorbonne.fr
629;loïc mabit;@gmail.com
629;omar boussaid;@univ-lyon2.fr
630;yassine benabbas;@lifl.fr
630;nacim ihaddadene;@lifl.fr
630;thierry urruty;@lifl.fr
630;chabane djeraba;@lifl.fr
634;valentina dragos;@upmc.fr
634;marie-christine jaulent;@upmc.fr
637;lydia boudjeloud;@univ-metz.fr
637;hanane azzag;@lipn.univ-paris13.fr
638;giap nguyen;@univ-lr.fr
638;jean-marc ogier;@univ-lr.fr
640;sandra bringay;@lirmm.fr
640;anne laurent;@lirmm.fr
640;pascal poncelet;@lirmm.fr
640;mathieu roche;@lirmm.fr
640;maguelonne teisseire;@lirmm.fr
640;maguelonne teisseire;@cemagref.fr
641;radja messai;@univ-lille2.fr
641;michel simonet;@imag.fr
641;nathalie bricon-souf;@univ-lille2.fr
641;mireille mousseau;@chu-grenoble.fr
642;menaouer brahami;@gmail.com
642;menaouer brahami;@gmail.com
642;baghdad atmani;@gmail.com
642;mostéfa mokaddem;@univ-oran.dz
644;alexis gabadinho;@unige.ch
645;karim djemal;@irit.fr
645;nathalie vallès-parlangeau;@univ-tlse1.fr
647;marc boullé;@orange-ftgroup.com
648;tarek hamrouni;@fst.rnu.tn
648;riadh ben messaoud;@fsegn.rnu.tn
648;sadok ben yahia;@fst.rnu.tn
649;mohamed hallab;@yahoo.fr
649;bruno delprat;@club-internet.fr
649;alain lelu;@univ-fcomte.fr
651;alexandre passant;@deri.org
651;philippe laublet;@paris-sorbonne.fr
652;germain forestier;@unistra.fr
652;cédric wemmert;@unistra.fr
652;pierre gançarski;@unistra.fr
654;noël crespi;@it-sudparis.eu
655;vincent pisetta;@rithme.eu
655;pierre-emmanuel jouve;@fenics.com
655;djamel abdelkader zighed;@univ-lyon2.fr
656;sébastien nedjar;@lif.univ-mrs.fr
656;alain casali;@lif.univ-mrs.fr
656;rosine cicchetti;@lif.univ-mrs.fr
656;lotfi lakhal;@lif.univ-mrs.fr
658;thierno diallo;@insa-lyon.fr
658;noel novelli;@lif.univ-mrs.fr
659;alexandre termier;@imag.fr
659;takeaki uno;@nii.jp
667;habib ounalli;@fst.rnu.tn
668;souhir gahbiche;@limsi.fr
668;nathalie pernelle;@lri.fr
668;fatiha saïs;@lri.fr
671;sarra ayouni;@lirmm.fr
671;sadok ben yahia;@fst.rnu.tn
671;anne laurent;@lirmm.fr
671;pascal poncelet;@lirmm.fr
672;alexis gabadinho;@unige.ch
673;cherif chiraz latiri;@gnet.tn
673;cyrine nasri;@gmail.com
673;kamel smaïli;@loria.fr
673;yahya slimani;@fst.rnu.tn
674;chongsheng zhang;@sophia.inria.fr
674;florent masseglia;@sophia.inria.fr
675;zohra ben said;@univ-nantes.fr
675;fabrice guillet;@univ-nantes.fr
675;paul richard;@istia.univ-angers.fr
676;michel buffa;@unice.fr
676;catherine faron-zucker;@unice.fr
677;guy melançon;@labri.fr
678;ghada gasmi;@gmail.com
679;nguyen-khang pham;@irisa.fr
679;françois poulet;@irisa.fr
679;annie morin;@irisa.fr
679;patrick gros;@irisa.fr
680;alexis gabadinho;@unige.ch
680;gilbert ritschard;@unige.ch
680;matthias studer;@unige.ch
680;nicolas s. müller;@unige.ch
682;fadi chakik;@ul.edu.lb
682;fadi dornaika;@ehu.es
683;guillaume cleuziou;@univ-orleans.fr
683;frédéric moal;@univ-orleans.fr
683;lionel martin;@univ-orleans.fr
683;matthieu exbrayat;@univ-orleans.fr
684;nesrine gabsi;@telecom-paristech.fr
684;nesrine gabsi;@orange-ftgroup.com
684;fabrice clérot;@telecom-paristech.fr
684;fabrice clérot;@orange-ftgroup.com
684;georges hébrail;@telecom-paristech.fr
684;georges hébrail;@orange-ftgroup.com
686;olivier corby;@sophia.inria.fr
686;catherine faron-zucker;@unice.fr
687;arnaud martin;@ensieta.fr
689;boris verhaegen;@ulb.ac.be
689;esteban zimányi;@ulb.ac.be
689;serge boucher;@ulb.ac.be
691;josé l balcazar;@unican.es
692;guillaume cleuziou;@univ-orleans.fr
693;mohammed zaki;@cs.rpi.edu
694;mohamed salah gouider;@isg.rnu.tn
694;eya ben ahmed;@gmail.com
695;anne laurent;@lirmm.fr
695;benjamin négrevergne;@imag.fralexandre.termier@imag.fr
695;nicolas sicard;@efrei.fr
697;sofiane ben amor;@ephe.sorbonne.fr
697;vincent levorato;@ephe.sorbonne.fr
699;stéphane lallich;@univ-lyon2.fr
702;marie-aude aufaure;@ecp.fr
702;henda ben ghézala;@riadi.rnu.tn
704;marc joliveau;@cirrelt.ca
705;florent masseglia;@inria.fr
705;alice marascu;@inria.fr
705;yves lechevallier;@inria.fr
706;marian-andrei rizoiu;@univ-lyon2.fr
706;julien velcin;@univ-lyon2.fr
706;jean-hugues chauchat;@univ-lyon2.fr
707;pascal poncelet;@lirmm.fr
707;maguelonne teisseire;@cemagref.fr
708;christine potier;@telecom-paristech.fr
710;yoann pitarch;@lirmm.fr
710;lionel vinceslas;@martinique.univ-ag.fr
710;anne laurent;@lirmm.fr
710;pascal poncelet;@lirmm.fr
710;jean-emile symphor;@martinique.univ-ag.fr
712;guillem lefait;@ucd.ie
712;gilles goncalves;@univ-artois.fr
712;m. tahar kechadi;@ucd.ie
713;arnaud sallaberry;@labri.fr
713;nicolas pecheur;@lirmm.fr
713;sandra bringay;@lirmm.fr
713;mathieu roche;@lirmm.fr
713;maguelonne teisseire;@cemagref.fr
715;ibrahim chahid;@2moro.fr
715;mohamed mosbah;@labri.fr
717;mustapha lebbah;@lipn.univ-paris13.fr
718;younès bennani;@lipn.univ-paris13.fr
718;mustapha lebbah;@lipn.univ-paris13.fr
720;ghada trabelsi;@yahoo.fr
720;mounir ben ayed;@ieee.org
720;adel m. alimi;@ieee.org
722;benoît macq;@uclouvain.be
723;rim bentebibel;@lipn.univ-paris13.fr
723;adeline nazarenko;@lipn.univ-paris13.fr
723;sylvie szulman;@lipn.univ-paris13.fr
724;patrick bosc;@enssat.fr
724;allel hadjali;@enssat.fr
724;olivier pivert;@enssat.fr
724;grégory smits;@univ-rennes1.fr
727;fatma kaâbi;@yahoo.fr
727;faïez gargouri;@fsegs.rnu.t
728;alexis bondu;@edf.fr
728;alexis bondu;@orange-ftgroup.com
728;vincent lemaire;@orange-ftgroup.com
728;marc boullé;@orange-ftgroup.com
729;denis cavallucci;@insa-strasbourg.fr
732;dominique gay;@univ-nc.nc
733;chabane djeraba;@lifl.fr
734;fanny chevalier;@inria.fr
734;stéphane huot;@lri.fr
734;jean-daniel fekete;@inria.fr
735;malika charrad;@riadi.rnu.tn
735;yves lechevallier;@inria.fr
735;gilbert saporta;@cnam.fr
806;dimitre kostadinov;@alcatel-lucent.fr
807;pierre mariot;@ardans.fr
808;alain-pierre manine;@lipn.univ-paris13.fr
809;karim benzeroual;@univ-tours.fr
809;christiane guinot;@ceries-lab.com
809;gilles venturini;@univ-tours.fr
810;nacéra bennacer;@supelec.fr
811;fabrice clérot;@orange-ftgroup.com
811;stefano perabò;@orange.fr
812;nicolas s. müller;@unige.ch
813;brivael trelhu;@irisa.fr
813;florent lalys;@irisa.fr
813;laurent riffaud;@chu-rennes.fr
813;xavier morandi;@chu-rennes.fr
813;pierre jannin;@irisa.fr
814;henri briand;@univ-nantes.fr
814;laurent tessier;@kxen.com
814;gaëtan blain;@vm-materiaux.fr
815;olivier teste;@irit.fr
816;alina dia miron;@imag.fr
816;jérôme gensel;@imag.fr
816;marlène villanova-oliver;@imag.fr
818;selim mimaroglu;@gmail.com
819;nistor grozavu;@lipn.univ-paris13.fr
819;younès bennani;@lipn.univ-paris13.fr
819;mustapha lebbah;@lipn.univ-paris13.fr
820;fabrice guillet;@univ-nantes.fr
822;franck le gall;@ittvis.com
822;damien barache;@ittvis.com
822;ahmed belaidi;@ittvis.com
823;goverdhan singh;@sophia.inria.fr
823;florent masseglia;@sophia.inria.fr
823;céline fiot;@sophia.inria.fr
823;alice marascu;@sophia.inria.fr
823;pascal poncelet;@sophia.inria.fr
823;pascal poncelet;@lirmm.fr
824;nicolas béchet;@lirmm.fr
824;mathieu roche;@lirmm.fr
824;jacques chauché;@lirmm.fr
825;maria rifqi;@lip6.fr
825;marcin detyniecki;@lip6.fr
825;marie-jeanne lesot;@lip6.fr
827;jean-françois boulicaut;@insa-lyon.fr
827;dominique gay;@univ-nc.nc
828;pierre le maigat;@orange-ftgroup.com
829;florence le ber;@engees.u-strasbg.fr
829;agnès braud;@urs.u-strasbg.fr
831;flavien balbo;@lamsade.dauphine.fr
831;julien saunier;@lamsade.dauphine.fr
831;edwin diday;@ceremade.dauphine.fr
831;suzanne pinson;@lamsade.dauphine.fr
832;mary felkin;@lri.fr
833;paola salle;@lirmm.fr
833;sandra bringay;@lirmm.fr
833;maguelonne teisseire;@lirmm.fr
836;cécile low-kam;@math.univ-montp2.fr
836;anne laurent;@lirmm.fr
836;maguelonne teisseire;@lirmm.fr
837;françois trousset;@ema.fr
837;pascal poncelet;@lirmm.fr
837;florent masseglia;@sophia.inria.fr
839;malika charrad;@riadi.rnu.tn
839;yves lechevallier;@inria.fr
839;gilbert saporta;@cnam.fr
839;mohamed ben ahmed;@riadi.rnu.tn
840;wei wang;@gmail.fr
840;marie-odile cordier;@irisa.fr
841;marie-aude aufaure;@ecp.fr
841;michel soto;@lip6.fr
842;dominique fresneau;@leec.univ-paris13.fr
843;vincent lemaire;@orange-ftgroup.com
843;carine hue;@gfi.fr
845;loïc cerf;@liris.cnrs.fr
845;jérémy besson;@liris.cnrs.fr
845;jean-françois boulicaut;@liris.cnrs.fr
846;alain casali;@lif.univ-mrs.fr
846;christian ernst;@emse.fr
847;maguelonne teisseire;@lirmm.fr
849;farid cerbah;@dassault-aviation.fr
850;claire laudy;@thalesgroup.com
850;claire laudy;@lip6.fr
850;jean-gabriel ganascia;@lip6.fr
851;mondher maddouri;@fst.rnu.tn
851;nida meddouri;@gmail.com
853;katharina morik;@uni-dortmund.de
854;françoise fessant;@orange-ftgroup.com
860;fabrice muhlenbach;@univ-st-etienne.fr
861;gilles zurfluh;@irit.fr
862;sylvie calabretto;@insa-lyon.fr
862;pierre-edouard portier;@insa-lyon.fr
863;guillaume cleuziou;@univ-orleans.fr
865;haïfa zargayouna;@lipn.univ-paris13.fr
865;chantal reynaud;@lri.fr
866;stan matwin;@live.com
868;farid cerbah;@dassault-aviation.fr
871;maria fernandez;@univ-st-etienne.fr
872;lionel vinceslas;@martinique.univ-ag.fr
872;jean-emile symphor;@martinique.univ-ag.fr
872;pascal poncelet;@ema.fr
873;françois poulet;@irisa.fr
873;thanh-nghi do;@telecom-bretagne.eu
873;van-hoa nguyen;@irisa.fr
874;amélie cordier;@liris.cnrs.fr
874;amélie cordier;@loria.fr
874;jean lieber;@loria.fr
874;emmanuel nauer;@loria.fr
874;yannick toussaint;@loria.fr
876;fabien jourdan;@toulouse.inra.fr
877;nicolas voisine;@orange-ftgroup.com
877;marc boullé;@orange-ftgroup.com
877;carine hue;@gfi.fr
878;thanh-nghi do;@telecom-bretagne.eu
878;stéphane lallich;@univ-lyon2.fr
878;philippe lenca;@telecom-bretagne.eu
879;christophe thovex;@orange.fr
879;francky trichet;@univ-nantes.fr
881;marc boullé;@orange-ftgroup.com
882;sébastien lefèvre;@lsiit.u-strasbg.fr
883;annie morin;@irisa.fr
883;patrick gros;@irisa.fr
884;yves lechevallier;@inria.fr
997;beniamino murgante;@unibas.it
998;jean-daniel fekete;@inria.fr
998;françois poulet;@irisa.fr
999;damien poirier;@orange-ftgroup.com
999;cécile bothorel;@orange-ftgroup.com
999;marc boullé;@orange-ftgroup.com
1000;alexandrina rogozan;@insa-rouen.fr
1000;jean-pierre pécuchet;@insa-rouen.fr
1001;rim faiz;@ihec.rnu.tn
1001;aymen elkhlifi;@yahoo.fr
1002;yahya slimani;@fst.rnu.tn
1002;cherif chiraz latiri;@gnet.tn
1002;brahim douar;@gmail.com
1003;alexis gabadinho;@ses.unige.ch
1003;gilbert ritschard;@metri.unige.ch
1004;séverine kirchner;@cstb.fr
1004;georges stamon;@math-info.univ-paris5.fr
1005;rodolphe priam;@gmail.com
1005;mohamed nadif;@univ-paris5.fr
1005;gérard govaert;@utc.fr
1009;patrick gallinari;@lip6.fr
1010;loïc lecerf;@xrce.xerox.com
1010;boris chidlovskii;@xrce.xerox.com
1011;ruggero g. pensa;@isti.cnr.it
1011;jean-françois boulicaut;@insa-lyon.fr
1012;hervé martin;@imag.fr
1013;monique thonnat;@sophia.inria.fr
1014;dong (haoyuan) li;@ema.fr
1014;anne laurent;@lirmm.fr
1014;pascal poncelet;@ema.fr
1015;sylvain ferrandiz;@enst.fr
1015;georges hébrail;@enst.fr
1016;sylvie guillaume;@isima.fr
1016;florian guillochon;@orange.fr
1016;michel schneider;@isima.fr
1017;djamel abdelkader zighed;@univ-lyon2.fr
1019;chedy raïssi;@lirmm.fr
1019;chedy raïssi;@ema.fr
1019;pascal poncelet;@ema.fr
1020;raja chiky;@enst.fr
1020;raja chiky;@edf.fr
1020;jérôme cubillé;@enst.fr
1020;jérôme cubillé;@edf.fr
1020;alain dessertaine;@enst.fr
1020;alain dessertaine;@edf.fr
1020;georges hébrail;@enst.fr
1020;georges hébrail;@edf.fr
1020;marie-luce picard;@enst.fr
1020;marie-luce picard;@edf.fr
1021;christian bac;@int-edu.eu
1022;guillaume cleuziou;@univ-orleans.fr
1022;jacques-henri sublemontier;@univ-orleans.fr
1023;sylvie guillaume;@isima.fr
1024;gilbert ritschard;@unige.ch
1024;simon marcellin;@univ-lyon2.fr
1024;djamel abdelkader zighed;@univ-lyon2.fr
1025;nicolas béchet;@lirmm.fr
1025;mathieu roche;@lirmm.fr
1025;jacques chauché;@lirmm.fr
1026;bashar saleh;@sophia.inria.fr
1026;florent masseglia;@sophia.inria.fr
1027;marc plantevit;@lirmm.fr
1027;anne laurent;@lirmm.fr
1027;maguelonne teisseire;@lirmm.fr
1028;damien raclot;@supagro.inra.fr
1028;jean-stéphane bailly;@teledetection.fr
1028;bruno roux;@montpellier.cemagref.fr
1031;lionel vinceslas;@martinique.univ-ag.fr
1031;jean-emile symphor;@martinique.univ-ag.fr
1031;alban mancheron;@martinique.univ-ag.fr
1031;pascal poncelet;@ema.fr
1034;youssef hadi;@gmail.com
1034;rachid el meziane;@ensias.ma
1035;xavier aimé;@tennaxia.com
1035;frédéric fürst;@u-picardie.fr
1035;pascale kuntz;@univ-nantes.fr
1035;francky trichet;@univ-nantes.fr
1036;christine plumejeaud;@imag.fr
1036;christine plumejeaud;@parisgeo.cnrs.fr
1036;jean-marc vincent;@imag.fr
1036;jean-marc vincent;@parisgeo.cnrs.fr
1036;claude grasland;@imag.fr
1036;claude grasland;@parisgeo.cnrs.fr
1036;jérôme gensel;@imag.fr
1036;jérôme gensel;@parisgeo.cnrs.fr
1036;hélène mathian;@imag.fr
1036;hélène mathian;@parisgeo.cnrs.fr
1036;serge guelton;@imag.fr
1036;serge guelton;@parisgeo.cnrs.fr
1036;joël boulier;@imag.fr
1036;joël boulier;@parisgeo.cnrs.fr
1038;anouar benhassena;@gmail.com
1038;alexandre aussem;@bat710.univ-lyon1.fr
1038;bruno canitia;@visoon.com
1039;mathias géry;@univ-st-etienne.fr
1039;christine largeron;@univ-st-etienne.fr
1039;franck thollard;@univ-st-etienne.fr
1040;pierre loustau;@univ-pau.fr
1040;pierre loustau;@iutbayonne.univ-pau.fr
1040;mauro gaio;@univ-pau.fr
1040;mauro gaio;@iutbayonne.univ-pau.fr
1040;thierry nodenot;@univ-pau.fr
1040;thierry nodenot;@iutbayonne.univ-pau.fr
1041;germain forestier;@lsiit.u-strasbg.fr
1041;sébastien derivaux;@lsiit.u-strasbg.fr
1041;cédric wemmert;@lsiit.u-strasbg.fr
1041;pierre gançarski;@lsiit.u-strasbg.fr
1042;marc boullé;@orange-ftgroup.com
1043;bernard dousset;@irit.fr;
1044;jean-emile symphor;@martinique.univ-ag.fr
1044;alban mancheron;@martinique.univ-ag.fr
1044;lionel vinceslas;@martinique.univ-ag.fr
1044;pascal poncelet;@ema.fr
1045;osmar r. zaïane;@cs.ualberta.ca
1047;david genest;@info.univ-angers.fr
1047;stéphane loiseau;@info.univ-angers.fr
1048;stéphane roche;@scg.ulaval.ca
1048;benoit kiene;@ign.fr
1048;claude caron;@usherbrooke.ca
1049;lucie gentils;@lri.fr
1049;jérôme azé;@lri.fr
1049;claire toffano-nioche;@lri.fr
1049;valentin loux;@jouy.inra.fr
1049;jean-françois gibrat;@jouy.inra.fr
1049;christine froidevaux;@lri.fr
1050;david grosser;@univ-reunion.fr
1051;marie-aude aufaure;@supelec.fr
1052;albert bifet;@lsi.upc.edu
1053;christine parent;@unil.ch
1053;maria-luisa damiani;@dico.unimi.it
1053;fabio porto;@epfl.ch
1054;annie morin;@irisa.fr
1055;dominique lenne;@hds.utc.fr
1055;bruno debray;@ineris.fr
1056;thierry artières;@lip6.fr
1057;virginie lefort;@univ-lyon2.fr
1057;guillaume beslon;@liris.cnrs.fr
1058;nistor grozavu;@lipn.univ-paris13.fr
1058;younès bennani;@lipn.univ-paris13.fr
1058;mustapha lebbah;@lipn.univ-paris13.fr
1059;frédéric pennerath;@supelec.fr
1059;géraldine polaillon;@supelec.fr
1059;amedeo napoli;@loria.fr
1061;mathieu roche;@lirmm.fr
1062;yahya slimani;@fst.rnu.tn
1063;sandro bimonte;@imag.fr*
1063;sandro bimonte;@insa-lyon.fr**
1063;anne tchounikine;@insa-lyon.fr**
1063;maryvonne miquel;@insa-lyon.fr**
1063;robert laurini;@insa-lyon.fr**
1064;mohamed elati;@lipn.univ-paris13.fr
1064;céline rouveirol;@lipn.univ-paris13.fr
1065;marc joliveau;@ecp.fr
1065;florian de vuyst;@ecp.fr
1066;philippe-henri gosselin;@ensea.fr
1066;justine lebrun;@ensea.fr
1067;thanh-trung van;@emse.fr
1068;frédéric lemoine;@lri.fr
1069;mustapha lebbah;@lipn.univ-paris13.fr
1071;sylvie desprès;@lipn.univ-paris13.fr
1072;mimoun malki;@univ-sba.dz
1072;abdelmalek amine;@univ-sba.dz
1072;zakaria elberrichi;@univ-sba.dz
1072;michel simonet;@imag.fr
1073;yves lechevallier;@inria.fr
1074;saaid baraty;@cs.umb.edu
1075;viet phan luong;@lif.univ-mrs.fr
1076;inès saad;@u-picardie.fr
1076;imène brigui-chtioui;@isg.fr
1078;sébastien caquard;@connect.carleton.ca
1079;sujeevan aseervatham;@lipn.univ-paris13.fr
1080;jacques guyot;@cui.unige.ch
1081;ismail kassou;@ensias.ma
1082;khaoula mahmoudi;@insat.rnu.tn
1082;sami faiz;@insat.rnu.tn
1083;mathieu roche;@lirmm.fr
1083;gérard dray;@ema.fr
1084;françois-élie calvier;@lri.fr
1084;chantal reynaud;@lri.fr
1085;romain billot;@gmail.com
1085;henri-maxime suchier;@gmail.com
1085;stéphane lallich;@univ-lyon2.fr
1086;anastasiya yurchyshyna;@cstb.fr
1086;nhan le thanh;@unice.fr
1088;marie-aude aufaure;@inria.fr
1088;géraldine polaillon;@supelec.fr
1088;michel soto;@lip6.fr
1089;emna bahri;@univ-lyon2.fr
1089;mondher maddouri;@fst.rnu.tn
1090;nathanaël kasoro;@yahoo.fr
1090;andré hardy;@fundp.ac.be
1091;mouna kamel;@irit.fr
1093;david l. waltz;@ccls.columbia.edu
1094;raphaël feraud;@orange-ftgroup.com
1097;claire serp;@yahoo.fr
1097;mathieu roche;@lirmm.fr
1097;anne laurent;@lirmm.fr
1098;sylvain lespinats;@bichat.inserm.fr
1098;matthias studer;@metri.unige.ch
1098;alexis gabadinho;@ses.unige.ch
1099;malika charrad;@riadi.rnu.tn
1099;yves lechevallier;@inria.fr
1099;gilbert saporta;@cnam.fr
1099;mohamed ben ahmed;@riadi.rnu.tn
1199;valentina ceausu;@math-info.univ-paris5.fr
1200;samir sebahi;@liris.univ-lyon1.fr
1201;ollivier haemmerlé;@univ-tlse2.fr
1202;alexandre aussem;@univ-lyon1.fr
1202;marilys corbex;@iarc.fr
1203;henri briand;@univ-nantes.fr
1204;alexis bondu;@orange-ft.com
1204;vincent lemaire;@orange-ft.com
1204;barbara poulain;@orange-ft.com
1205;massih-reza amini;@poleia.lip6.fr
1206;pierre gaillard;@cea.fr
1206;michaël aupetit;@cea.fr
1206;gérard govaert;@utc.fr
1207;mustapha lebbah;@limbio-paris13.org
1207;alexandre aussem;@bat710.univ-lyon1.fr
1207;marilys corbex;@iarc.fr.
1208;fatiha saïs;@lri.fr
1208;nathalie pernelle;@lri.fr
1208;marie-christine rousset;@lri.fr
1208;marie-christine rousset;@imag.fr
1209;noel novelli;@lif.univ-mrs.fr
1209;david auber;@labri.fr
1210;didier devaurs;@irisa.fr
1210;mohand-said hacid;@liris.cnrs.fr
1211;marc boyer;@iut-tlse3.fr
1211;marie-françoise canut;@iut-blagnac.fr
1211;andré péninou;@iut-blagnac.fr
1211;florence sedes;@irit.fr
1212;gilbert ritschard;@unige.ch
1212;djamel abdelkader zighed;@univ-lyon2.fr
1213;faiza abbaci;@ulb.ac.be
1213;pascal francq;@ulb.ac.be
1214;etienne cuvelier;@info.fundp.ac.be
1215;thanh-nghi do;@lri.fr
1215;françois poulet;@esiea-ouest.fr
1217;hans-hermann bock;@stochastik.rwth-aachen.de
1218;mohamed ramzi temanni;@htp.aphp.fr
1218;mustapha lebbah;@htp.aphp.fr
1218;christine poitou-bernert;@htp.aphp.fr
1218;karine clément;@htp.aphp.fr
1218;jean-daniel zucker;@htp.aphp.fr
1219;manuel zacklad;@utt.fr
1220;amedeo napoli;@loria.fr
1220;rokia bendaoud;@loria.fr
1221;fabrice rossi;@inria.fr
1222;julien lavergne;@univ-tours.fr
1222;hanane azzag;@lipn.univ-paris13.fr
1222;christiane guinot;@ceries-lab.com
1222;gilles venturini;@univ-tours.fr
1223;nabil benayadi;@lsis.org
1223;marc le goc;@lsis.org
1223;philippe bouché;@lsis.org
1224;aliou boly;@enst.fr
1224;sabine goutier;@edf.fr
1224;georges hébrail;@enst.fr
1224;georges hébrail;@edf.fr
1225;karim baïna;@ensias.ma
1226;elie prudhomme;@eric.univ-lyon2.fr
1226;stéphane lallich;@univ-lyon2.fr
1227;marie chavent;@math.u-bordeaux1.fr
1227;yves lechevallier;@inria.fr
1228;sylvain ferrandiz;@francetelecom.com
1228;marc boullé;@francetelecom.com
1229;alain boucher;@auf.org
1230;séverine kirchner;@cstb.fr
1230;georges stamon;@math-info.univ-pris5.fr
1231;thierry despeyroux;@inria.fr
1231;eduardo fraschini;@inria.fr
1231;anne-marie vercoustre;@inria.fr
1232;amedeo napoli;@loria.fr
1232;jean lieber;@loria.fr
1232;fadi badra;@loria.fr
1234;marc plantevit;@lirmm.fr
1234;anne laurent;@lirmm.fr
1234;maguelonne teisseire;@lirmm.fr
1235;arnaud soulet;@info.unicaen.fr
1235;bruno crémilleux;@info.unicaen.fr
1236;abdelmajid ben hamadou;@isimsf.rnu.tn
1236;mohamed hammami;@ec-lyon.fr
1236;radhouane guermazi;@laposte.net
1238;stéfan jacques darmoni;@chu-rouen.fr
1239;jean-jacques schneider;@semantia.com
1240;cécile favre;@eric.univ-lyon2.fr
1240;fadila bentayeb;@eric.univ-lyon2.fr
1240;omar boussaid;@univ-lyon2.fr
1242;caroline wintergerst;@univ-lyon3.fr
1242;thomas ludwig;@web.de
1243;khaoula mahmoudi;@insat.rnu.tn
1243;sami faiz;@insat.rnu.tn
1244;yahya slimani;@fst.rnu.tn
1245;william vacher;@free.fr
1245;jean-gabriel ganascia;@lip6.fr
1246;djamel abdelkader zighed;@univ-lyon2.fr
1246;simon marcellin;@univ-lyon2.fr
1246;gilbert ritschard;@unige.ch
1248;grégory mallet;@insa-rouen.fr
1249;rémy brisson;@yahoo.fr
1249;omar boussaid;@univ-lyon2.fr
1249;pierre gançarski;@lsiit.u-strasbg.fr
1249;anne puissant;@unicaen.fr
1249;nicolas durand;@lsiit.u-strasbg.fr
1250;alexandre bouchacourt;@orange-ftgroup.com
1250;luigi lancieri;@orange-ftgroup.com
1251;guillaume cleuziou;@univ-orleans.fr
1252;antonio irpino;@unina.it
1253;romain boulet;@univ-tlse2.fr
1253;bertrand jouve;@univ-tlse2.fr
1255;nawal guermouche;@loria.fr
1255;salima benbernou;@liris.cnrs.fr
1255;emmanuel coquery;@liris.cnrs.fr
1255;mohand-said hacid;@liris.cnrs.fr
1256;lylia abrouk;@lirmm.fr
1257;guillaume wisniewski;@lip6.fr
1257;patrick gallinari;@lip6.fr
1258;nicolas verbeke;@math-info.univ-paris5.fr
1258;nicole vincent;@math-info.univ-paris5.fr
1259;ali khenchaf;@ensieta.fr
1260;jacques chauché;@lirmm.fr
1260;alexandre labadié;@lirmm.fr
1261;michel soto;@lip6.fr
1261;marie-aude aufaure;@supelec.fr
1261;marie-aude aufaure;@inria.fr
1262;régis girard;@univ-reunion.fr
1263;maguelonne teisseire;@lirmm.fr
1265;talel abdessalem;@enst.fr
1265;raja chiky;@enst.fr
1265;georges hébrail;@enst.fr
1265;georges hébrail;@edf.fr
1265;jean louis vitti;@enst.fr
1266;mostafa hanoune;@yahoo.fr
1266;faouzia benabbou;@menara.ma.
1267;kévin ottens;@irit.fr
1268;françois jacquenet;@univ-st-etienne.fr
1268;baptiste jeudy;@univ-st-etienne.fr
1268;christine largeron;@univ-st-etienne.fr
1269;jean-marc petit;@insa-lyon.fr
1269;marie agier;@isima.fr
1270;thomas heitz;@lri.fr
1271;sébastien régis;@univ-ag.fr
1272;marc boullé;@orange-ftgroup.com
1272;carine hue;@orange-ftgroup.com;
1273;leoncio jiménez;@spock.ucm.cl
1274;norbert tsopzé;@cril.univ-artois.fr
1274;norbert tsopzé;@gmail.com
1274;gilbert tindo;@uycdc.uninet.cm
1275;jacques le maitre;@univ-tln.fr
1275;nicolas faessel;@lsis.org
1276;vincent lemaire;@orange-ft.com
1277;marc boullé;@orange-ft.com
1279;sadok ben yahia;@fst.rnu.tn
1280;pascale kuntz;@polytech.univ-nantes.fr
1280;einoshin suzuki;@i.kyushu-u.ac.jp
1281;mohamed amine bentaallah;@univ-sba.dz
1281;mimoun malki;@yahoo.com
1282;ludovic lebart;@enst.fr
1283;bruno mermet;@univ-lehavre.fr
1283;dominique fournier;@univ-lehavre.fr
1284;christine golbreich;@univ-rennes1.fr
1284;bernard gibaud;@irisa.fr
1285;laurent kevers;@uclouvain.be
1285;cédrick fairon;@uclouvain.be
1286;pascal poncelet;@ema.fr
1286;chedy raïssi;@lirmm.fr
1286;chedy raïssi;@ema.fr
1287;olivier couturier;@cril.univ-artois.fr
1287;tarek hamrouni;@fst.rnu.tn
1287;sadok ben yahia;@fst.rnu.tn
1288;david auber;@labri.fr
1288;yves chiricota;@uqac.ca
1288;jean-philippe domenger;@labri.fr
1288;patrick mary;@labri.fr
1288;guy melançon;@lirmm.fr
1289;thanh-nghi do;@lri.fr
1289;françois poulet;@esiea-ouest.fr
1290;mouhamadou thiam;@lri.fr
1290;mouhamadou thiam;@supelec.fr
1290;nacéra bennacer;@lri.fr
1290;nacéra bennacer;@supelec.fr
1290;nathalie pernelle;@lri.fr
1290;nathalie pernelle;@supelec.fr
1360;benoît favre;@univ-avignon.fr
1360;jean-françois bonastre;@univ-avignon.fr
1360;patrice bellot;@univ-avignon.fr
1360;françois capman;@fr.thalesgroup.com
1363;lydia boudjeloud;@esiea-ouest.fr
1363;françois poulet;@esiea-ouest.fr
1364;jérôme david;@polytech.univ-nantes.fr
1364;fabrice guillet;@polytech.univ-nantes.fr
1364;henri briand;@polytech.univ-nantes.fr
1365;jean-françois boulicaut;@insa-lyon.fr
1366;sylvain mongy;@lifl.fr
1367;sylvain tenier;@inist.fr
1367;sylvain tenier;@loria.fr
1367;amedeo napoli;@loria.fr
1367;xavier polanco;@inist.fr
1367;yannick toussaint;@loria.fr
1368;alexandre aussem;@univ-lyon1.fr
1368;marilys corbex;@iarc.fr
1368;fabien de marchi;@liris.cnrs.fr
1369;philippe bouché;@lsis.org
1374;jean-emile symphor;@martinique.univ-ag.fr.
1374;pierre-alain laur;@martinique.univ-ag.fr.
1376;thierry artières;@lip6.fr
1376;trinh minh tri do;@poleia.lip6.fr
1377;mathieu roche;@lirmm.fr
1378;anne-marie vercoustre;@inria.fr
1378;mounir fegas;@inria.fr
1378;yves lechevallier;@inria.fr
1378;thierry despeyroux;@inria.fr
1379;amel boustil;@yahoo.fr
1379;zaïdi sahnoun;@yahoo.fr
1379;christine golbreich;@univ-rennes1.fr
1380;gérard govaert;@utc.fr
1380;mohamed nadif;@univ-metz.fr
1382;sergio camiz;@uniroma1.it
1382;jean-jacques denimal;@univ-lille1.fr
1383;alain lelu;@univ-fcomte.fr
1384;ahmed amrani;@esiea.fr
1386;patrice buche;@inapg.fr
1386;ollivier haemmerlé;@univ-tlse2.fr
1389;xuan-hiep huynh;@univ-nantes.fr
1389;fabrice guillet;@univ-nantes.fr
1389;henri briand;@univ-nantes.fr
1391;gilbert saporta;@cnam.fr
1392;alain morineau;@modulad.fr
1392;ricco rakotomalala;@univ-lyon2.fr
1393;vanda luengo;@imag.fr
1393;lucile vadcard;@imag.fr
1393;dima mufti-alchawafa;@imag.fr
1394;raja chiky;@enst.fr
1394;bruno defude;@int-evry.fr
1394;georges hébrail;@enst.fr
1395;maguelonne teisseire;@lirmm.fr
1400;christophe roche;@univ-savoie.fr
1402;clément chatelain;@univ-rouen.fr
1403;youssef zinbi;@info.unicaen.fr
1403;youssef chahir;@info.unicaen.fr
1404;florent masseglia;@sophia.inria.fr
1404;alice marascu;@sophia.inria.fr
1405;rémi gilleron;@univ-lille3.fr
1405;patrick marty;@univ-lille3.fr
1405;marc tommasi;@univ-lille3.fr
1405;fabien torre;@univ-lille3.fr
1406;julien lorec;@nantes.inserm.fr
1406;gérard ramstein;@polytech.univ-nantes.fr
1406;yannick jacques;@nantes.inserm.fr
1408;walid erray;@eric.univ-lyon2.fr
1408;faouzi mhamdi;@ensi.rnu.tn
1409;alain berger;@ardans.com
1409;pierre mariot;@ardans.com
1409;christophe coppens;@mpsa.com
1409;julien laroque malbert;@mpsa.com
1410;cherif chiraz latiri;@gnet.tn
1410;lamia ben ghezaiel;@riadi.rnu.tn
1410;mohamed ben ahmed;@riadi.rnu.tn
1411;heikki mannila;@cs.helsinki.fi
1412;florent masseglia;@sophia.inria.fr
1412;pascal poncelet;@ema.fr
1412;maguelonne teisseire;@lirmm.fr
1415;hakim hacid;@eric.univ-lyon2.fr
1415;djamel abdelkader zighed;@univ-lyon2.fr
1417;clément jamard;@prism.uvsq.fr
1417;georges gardarin;@prism.uvsq.fr
1418;rémi lehn;@polytech.univ-nantes.fr
1418;stéphane loiseau;@info.univ-angers.fr
1419;amedeo napoli;@loria.fr
1420;guy mineau;@ift.ulaval.ca
1421;michael ley;@uni-trier.de
1421;patrick reuther;@uni-trier.de
1423;olivier teste;@irit.fr
1426;vincent pisetta;@etu.univ-lyon2.fr
1426;hakim hacid;@eric-univ.lyon2.fr
1426;djamel abdelkader zighed;@univ-lyon2.fr
1428;sébastien derivaux;@lsiit.u-strasbg.fr
1428;agnès braud;@lsiit.u-strasbg.fr
1428;nicolas lachiche;@lsiit.u-strasbg.fr
1429;ali khenchaf;@ensieta.fr
1430;françois poulet;@esiea-ouest.fr
1430;edwige fangseu badjio;@esiea-ouest.fr
1432;anne laurent;@lirmm.fr
1432;pascal poncelet;@ema.fr
1432;maguelonne teisseire;@lirmm.fr
1433;fabrice clérot;@francetelecom.com
1434;valentina ceausu;@math-info.univ-paris5.fr
1435;sylvie charbonnier;@inpg.fr
1436;martine cadot;@loria.fr
1436;pascal cuxac;@inist.fr
1436;claire françois;@inist.fr
1440;sylvain ferrandiz;@francetelecom.com
1440;marc boullé;@francetelecom.com
1441;françois poulet;@esiea-ouest.fr
1443;hélène jaudoin;@isima.fr
1444;olivier gerbé;@teximus.com
1445;jean-claude régnier;@univ-lyon2.fr
1445;fabrice guillet;@polytech.univ-nantes.fr
1450;khaoula mahmoudi;@insat.rnu.tn
1450;sami faiz;@insat.rnu.tn
1451;yann chevaleyre;@lamsade.dauphine.fr
1451;jean-daniel zucker;@lip6.fr
1452;fabrice clérot;@francetelecom.com
1452;quang nguyen;@francetelecom.com
1453;marie plasse;@mpsa.com
1453;ndeye niang;@cnam.fr
1453;gilbert saporta;@cnam.fr
1453;laurent leblond;@mpsa.com
1454;guillaume cleuziou;@univ-orleans.fr
1454;sylvie billot;@univ-orleans.fr
1454;stanislas lew;@univ-orleans.fr
1454;lionel martin;@univ-orleans.fr
1454;christel vrain;@univ-orleans.fr
1455;emmanuel blanchard;@univ-nantes.fr
1456;yves lechevallier;@inria.fr
1456;brigitte trousse;@inria.fr
1456;marie-aude aufaure;@supelec.fr
1457;sylvie delprat;@eads.net
1458;sandy maumus;@nancy.inserm.fr
1458;pierre petronin;@gmail.com
1458;amedeo napoli;@loria.fr
1459;fabrice guillet;@univ-nantes.fr
1459;vincent philippé;@knowesia.fr
1460;david da costa;@etu.univ-tours.fr
1460;david da costa;@agicom.fr
1460;gilles venturini;@univ-tours.fr
1461;pascal barbry;@ipmc.fr
1462;florent masseglia;@sophia.inria.fr
1462;pascal poncelet;@ema.fr
1462;maguelonne teisseire;@lirmm.fr
1462;alice marascu;@sophia.inria.fr
1570;athmane hamel;@tours.inra.fr
1570;suzanne pinson;@lamsade.dauphine.fr
1571;jean-pierre barthélemy;@enst-bretagne.fr
1571;jean-robert kala kamdjoug;@enst-bretagne.fr
1571;philippe lenca;@enst-bretagne.fr
1572;hassan badir;@liris.cnrs.fr
1574;pascal cuxac;@inist.fr
1574;martine cadot;@loria.fr
1574;claire françois;@inist.fr
1575;philippe caillou;@lamsade.dauphine.fr
1575;edwin diday;@ceremade.dauphine.fr
1577;philippe bouché;@lsis.org;
1577;marc le goc;@lsis.org
1579;nicolas loménie;@math-info.univ-paris5.fr
1581;françois radvanyi;@curie.fr
1582;philippe leray;@insa-rouen.fr
1583;nicolas nicoloyannis;@univ-lyon2.fr
1583;rémi gaudin;@univ-lyon2.fr
1584;rim faiz;@ihec.rnu.tn
1584;najeh naffakhi;@isg.rnu.tn
1584;khaled mellouli;@ihec.rnu.tn
1585;chérif mballo;@esiea-ouest.fr
1585;edwin diday;@ceremade.dauphine.fr
1586;yves caron;@etu.univ-tours.fr
1586;pascal makris;@univ-tours.fr
1586;nicole vincent;@math-info.univ-paris5.fr
1587;raphaël couturier;@iut-bm.univ-fcomte.fr
1589;gérard govaert;@utc.fr
1589;mohamed nadif;@iut.univ-metz.fr
1592;patrick gallinari;@poleia.lip6.fr
1594;edwin diday;@ceremade.dauphine.fr
1595;fatiha saïs;@lri.fr
1595;hélène gagliardi;@lri.fr
1595;ollivier haemmerlé;@lri.fr
1595;ollivier haemmerlé;@inapg.fr
1595;nathalie pernelle;@lri.fr
1597;françois-xavier jollois;@univ-paris5.fr
1597;mohamed nadif;@iut.univ-metz.fr
1598;thierry despeyroux;@inria.fr
1598;yves lechevallier;@inria.fr
1598;brigitte trousse;@inria.fr
1598;anne-marie vercoustre;@inria.fr
1599;bich-liên doan;@supelec.fr
1599;idir chibane;@supelec.fr
1600;filipe afonso;@ceremade.dauphine.fr
1600;edwin diday;@ceremade.dauphine.fr
1601;alexandre vautier;@irisa.fr
1601;marie-odile cordier;@irisa.fr
1601;rene quiniou;@irisa.fr
1602;bruno bouzy;@math-info.univ-paris5.fr
1602;guillaume chaslot;@ec-lille.fr
1603;aurélie névéol;@insa-rouen.fr
1603;sylwia ozdowska;@univ-tlse2.fr
1604;annabelle mercier;@emse.fr
1604;michel beigbeder;@emse.fr
1605;christel vrain;@lifo.univ-orleans.fr
1609;sébastien quirion;@gel.ulaval.ca
1609;guy w. mineau;@ift.ulaval.ca
1611;eugen barbu;@univ-rouen.fr
1611;pierre héroux;@univ-rouen.fr
1611;sébastien adam;@univ-rouen.fr
1611;éric trupin;@univ-rouen.fr
1612;valentina ceausu;@math-info.univ-paris5.fr
1613;rokia bendaoud;@loria.fr
1613;yannick toussaint;@loria.fr
1613;amedeo napoli;@loria.fr
1614;cécile favre;@eric.univ-lyon2.fr
1614;fadila bentayeb;@eric.univ-lyon2.fr
1619;ahmed amrani;@esiea.fr
1619;jérôme azé;@lri.fr
1620;gilles zurfluh;@irit.fr
1621;cherif chiraz latiri;@gnet.tn
1621;mehdi mtir;@voila.fr
1621;sadok ben yahia;@fst.rnu.tn
1623;tao-yuan jen;@dept-info.u-cergy.fr
1623;dominique laurent;@dept-info.u-cergy.fr
1623;nicolas spyratos;@lri.fr
1623;oumar sy;@ugb.sn
1624;alain-jérôme fougères;@utbm.fr
1624;manuel zacklad;@utt.fr
1626;marie-françoise canut;@iut-blagnac.fr
1626;andré péninou;@iut-blagnac.fr
1626;florence sedes;@irit.fr
1628;tao wan;@prism.uvsq.fr
1628;karine zeitouni;@prism.uvsq.fr
1629;hélène desmier;@performanse.fr
1629;fabrice guillet;@polytech.univ-nantes.fr
1632;christophe candillier;@lina.univ-nantes.fr
1632;noureddine mouaddib;@lina.univ-nantes.fr
1633;abdelaziz marzak;@hotmail.com
1634;romain dailly;@univ-nantes.fr
1634;christian chervet;@univ-nantes.fr
1634;rémi lehn;@univ-nantes.fr
1634;henri briand;@univ-nantes.fr
1636;mounira harzallah;@iut-nantes.univ-nantes.fr
1636;henri briand;@polytech.univ-nantes.fr
1638;mohand-said hacid;@liris.univ-lyon1.fr
1639;lylia abrouk;@lirmm.fr
1639;pierre pompidor;@lirmm.fr
1639;michel sala;@lirmm.fr
1640;mohand-said hacid;@bat710.univ-lyon1.fr
1641;patrick gallinari;@lip6.fr
1642;trinh minh tri do;@lip6.fr
1642;thierry artières;@lip6.fr
1642;patrick gallinari;@lip6.fr
1645;laurent candillier;@grappa.univ-lille3.fr
1645;olivier bousquet;@pertinence.com
1646;françois poulet;@esiea-ouest.fr
1649;philippe collet;@ema.fr
1649;vincent derozier;@ema.fr
1649;gérard dray;@ema.fr
1649;françois trousset;@ema.fr
1649;pascal poncelet;@ema.fr
1649;michel crampes;@ema.fr
1650;madenda sarifuddin;@uqo.ca
1651;dahbia semani;@univ-lr.fr
1651;carl frélicot;@univ-lr.fr
1651;pierre courtellemont;@univ-lr.fr
1652;julien blanchard;@lip6.fr
1652;bertrand petitjean;@lip6.fr
1652;thierry artières;@lip6.fr
1652;patrick gallinari;@lip6.fr
1653;pierre-emmanuel jouve;@eric.univ-lyon2.fr
1653;nicolas nicoloyannis;@univ-lyon2.fr
1655;gilbert ritschard;@themes.unige.ch
1655;pau origoni;@ti.ch
1655;fabio b. losa;@ti.ch
1656;sarra ben lagha;@hec.unil.ch
1656;mohamed ben ahmed;@riadi.rnu.tn
1657;elie prudhomme;@etu.univ-lyon2.fr
1657;stéphane lallich;@univ-lyon2.fr
1658;fabrice rossi;@inria.fr
1658;yves lechevallier;@inria.fr
1658;aïcha el golli;@inria.fr
1659;stéphane trébucq;@u-bordeaux4.fr
1679;sadok ben yahia;@fst.rnu.tn;jihen
1679;narjes doggaz;@fst.rnu.tn;jihen
1679;yahya slimani;@fst.rnu.tn;jihen
1679;jihem rezgui;@yahoo.fr
1681;marc boullé;@francetelecom.com
1682;mohamed nadif;@iut.univ-metz.fr
1682;françois-xavier jollois;@iut.univ-metz.fr
1684;saïd karouach;@irit.fr
1684;bernard dousset;@irit.fr
1688;mohamed tmar;@
1689;thabet slimani;@issatm.rnu.tn
1689;boutheina ben yaghlane;@ihec.rnu.tn
1689;khaled mellouli;@ihec.rnu.tn
1690;xavier denis;@operamail.com
1690;gaële simon;@iut.univ-lehavre.fr
1690;nicolas chanchevrier;@tiscali.fr
1693;jérôme mikolajczak;@nantes.inserm.fr
1693;gérard ramstein;@polytech.univ-nantes.fr
1693;yannick jacques;@nantes.inserm.fr
1694;guillaume duquesnay;@cgg.com
1700;xavier baril;@lirmm.fr
1703;hubert marteau;@etu.univ-tours.fr
1703;nicole vincent;@math-info.univ-paris5.fr
1707;alain lelu;@jouy.inra.fr
1707;dominique besagni;@inist.fr
1710;aliou boly;@enst.fr
1710;georges hébrail;@enst.fr
1710;marie-luce picard;@edf.fr
1712;françois poulet;@esiea-ouest.fr
1716;françois-xavier jollois;@iut.univ-metz.fr
1716;mohamed nadif;@iut.univ-metz.fr
1718;omar boussaid;@eric.univ-lyon2.fr
1719;séverine lair;@curie.fr
1722;daniel beauchêne;@univ-savoie.fr
1722;christophe roche;@univ-savoie.fr
1722;cécile million-rousseau;@ontologos-corp.com
1725;henri briand;@polytech.univ-nantes.fr
1726;valérie beaudouin;@francetelecom.com
1727;nadjim chelghoum;@prism.uvsq.fr
1727;karine zeitouni;@prism.uvsq.fr
1728;mounira harzallah;@irin.univ-nantes.fr
1729;jérémy clech;@eric.univ-lyon2.fr
1729;djamel abdelkader zighed;@eric.univ-lyon2.fr
1731;pierre-antoine champin;@liris.cnrs.fr
1731;yannick prié;@liris.cnrs.fr
1731;alain mille;@liris.cnrs.fr
1734;anne lavallard;@francetelecom.com
1734;luigi lancieri;@francetelecom.com
1735;guillaume cleuziou;@lifo.univ-orleans.fr
1735;lionel martin;@lifo.univ-orleans.fr
1738;amar-djalil mezaour;@lri.fr
1742;agnès braud;@fct.unl.pt
1742;teddy turmeaux;@lifo.univ-orleans.fr
1744;filipe afonso;@ceremade.dauphine.fr
1744;edwin diday;@ceremade.dauphine.fr
1746;arnaud soulet;@info.unicaen.fr
1746;bruno crémilleux;@info.unicaen.fr
1746;françois rioult;@info.unicaen.fr
1748;yeow wei choong;@help.edu.mymaussp@help.edu.my
1748;anne laurent;@lirmm.fr
1748;anne laurent;@dept-info.u-cergy.fr
1748;dominique laurent;@lirmm.fr
1748;dominique laurent;@dept-info.u-cergy.fr
1750;nicolas nicoloyannis;@univ-lyon2.fr
1750;gaëlle legrand;@eric.univ-lyon2.fr
1751;rallou thomopoulos;@inapg.fr
1751;patrice buche;@inapg.fr
1751;ollivier haemmerlé;@inapg.fr
1756;nada matta;@utt.fr
1756;jean-louis ermine;@int-evry.fr
1757;sylvain ferrandiz;@rd.francetelecom.com
1757;marc boullé;@rd.francetelecom.com
1760;hicham hajji;@bat710.univ-lyon1.fr
